VGM c'etait le tro de Kloryde, qui foutait la merde sur allaitement ( bannie a vie du coup );
moi aussi recherche soutif allaitement mais pas du tout évident de trovuer une taille qui correspond;
ici auusi allaitement mais qand il y a un bib on donne 120;
Entre bouts de sein et tire-allaitement, effectivement y a pas photo, mais entre bouts de sein et allaitement normal, ben ça vaut quand même le coup de tenter d'améliorer la prise du sein  ;
J'en pense que le viande c'est pas avant 8mois, allaitement ou pas.;
Idem pascaline !!!! Et pour l allaitement aussi c est une 1 ère pour moi!!!;
bon petit programme angelis   Vana ce n'est pas dut a ton allaitement par hasard ?;
"c un petit article dans ""info allaitement si sa interesse quelq'un""";
"Je suis surprise qu'elle est pas garder la sequence de co allaitement, vachement plus ""sensationnel!""
à se demander si elle chercherait pas n'importe-quoi pour taguer """"allaitement""""";
ça serait très utile, surtout sur allaitement (je parle des médiateurs);
toi tu vas te faire virer du forum biberons, obligée de squatter allaitement !;
la y a d'autres solutions je pense ;-) http://forum.doctissimo.fr/grossesse-bebe/allaitement/help-sujet_204782_1.htm
ben y en avait 32kg au départ je fais meme pas regime encore.... vive l allaitement!   plus l allaitement est long et plus on diminue le risque du cancers du sein, des ovaires , de l uterus et on perd rapidement les kg!;
Bah si c'est du tire-allaitement y a pas de quoi se sentir bête  ;
Ah c cool, c magique l ostheo    tant mieux bon allaitement!;
Eh bien tant mieux te voila rassurer et tranquille c cool! Bon allaitement!;
pour les maman qui allaitent savez vous si on pzut prendre du tardiferon pendant l allaitement?;
arf j'avais lu allaitement mais bon, je peux aussi faire des hauts de grossesse  ;
Merci. J'ai rdv vendredi avec une sf pour une consultation allaitement. D'autres avis/expériences???;
je prends microval compatible allaitement aussi (j'ai du mal à y penser :b);
rose, comme elle est belle ta filleet toi aussi. Cool que ton allaitement lui profite;
Trouvé mon post : http://forum.doctissimo.fr/grossesse-bebe/allaitement/biological-nurturing-positions-sujet_196564_1.htm;
voici des liens pour l'allaitement au doigt http://www.lllfrance.org/Feuillets-du-Dr-Jack-Newman/Lalimentation-au-doigt.html?q=allaitement+doigt http://www.lllfrance.org/Videos/Alimentation-au-doigt-ou-a-la-tasse.html?q=allaitement+doigt;
Mon amie moniteur billing sur ma ville me dit que billings et allaitement c'est compatible;
Un non risque un allaitement latante lol j y comprend rien;
Myléne : tj en cosy et allaitement exclusif ( ms pe pour pas lgt);
http://www.reflux-interne-allergie.org/rgo/informations/allaitement/112-lait-maternel-bienfaits-contre-allergie-reflux.html;
moi j'ai eut cérazette pdt mon allaitement,elle doit etre micro dosée;
"Arf alors là ... tu as demandé sur le forum ""allaitement ? en tout cas, BRAVO !!!""";
Idem pour moi : allaitement long après 1 an. Jusqu'à 6 mois c déjà bien à l'H actuelle.;
maternity J ai vu que tu avais rachetee un doomoo j aurai pu te vendre le mien qui a ete utilise tres peu vu qu on aime pas ! Ici j ai pas achete de vetements allaitement ni soutien george allaitement;
